<?xml version="1.0" encoding="UTF-8"?>
<!DOCTYPE plist PUBLIC "-//Apple//DTD PLIST 1.0//EN" "http://www.apple.com/DTDs/PropertyList-1.0.dtd">
<plist version="1.0">
<dict>
	<key>files</key>
	<dict>
		<key>Info.plist</key>
		<data>
		XEMM1zNUjIjoF0oBCcAoFlMj/78=
		</data>
		<key>XPCServices/LogArchiveCollector.xpc/Info.plist</key>
		<data>
		5yml+i3PuOPSU3eVOvq7K7lWJzs=
		</data>
		<key>XPCServices/LogArchiveCollector.xpc/LogArchiveCollector</key>
		<data>
		ZXXOv+WBftwWpHKn3fM1zAoUhOo=
		</data>
		<key>XPCServices/LogArchiveCollector.xpc/_CodeSignature/CodeResources</key>
		<data>
		4op4bZbgPB2K37WVJQSxMkcPNLs=
		</data>
		<key>XPCServices/LogArchiveCollector.xpc/version.plist</key>
		<data>
		fkxPTBeBKL+JW7TF4rdXvkccNLs=
		</data>
		<key>version.plist</key>
		<data>
		jbKC2b+KYpjXh2qm/yVPxp6oxXU=
		</data>
	</dict>
	<key>files2</key>
	<dict>
		<key>XPCServices/LogArchiveCollector.xpc/Info.plist</key>
		<dict>
			<key>hash</key>
			<data>
			5yml+i3PuOPSU3eVOvq7K7lWJzs=
			</data>
			<key>hash2</key>
			<data>
			xWHq5+Yplhdf34qFL2gP0niNERMDOnrTTMdCzrNlUdc=
			</data>
		</dict>
		<key>XPCServices/LogArchiveCollector.xpc/LogArchiveCollector</key>
		<dict>
			<key>hash</key>
			<data>
			ZXXOv+WBftwWpHKn3fM1zAoUhOo=
			</data>
			<key>hash2</key>
			<data>
			JeulmuP7CZ0DZBpr+vWpx9V0TzfJU17spX0LU0tv+U4=
			</data>
		</dict>
		<key>XPCServices/LogArchiveCollector.xpc/_CodeSignature/CodeResources</key>
		<dict>
			<key>hash</key>
			<data>
			4op4bZbgPB2K37WVJQSxMkcPNLs=
			</data>
			<key>hash2</key>
			<data>
			UF88NiRq8n3oiJLZ1csoSl29esMCY7yJ9yo70/HUTYM=
			</data>
		</dict>
		<key>XPCServices/LogArchiveCollector.xpc/version.plist</key>
		<dict>
			<key>hash</key>
			<data>
			fkxPTBeBKL+JW7TF4rdXvkccNLs=
			</data>
			<key>hash2</key>
			<data>
			vl8hH4Rh02SwF60e0KOkdDXdu4asjotsFb26iGfbPG0=
			</data>
		</dict>
		<key>version.plist</key>
		<dict>
			<key>hash</key>
			<data>
			jbKC2b+KYpjXh2qm/yVPxp6oxXU=
			</data>
			<key>hash2</key>
			<data>
			Q7ZYLt2wkcLeyL+1t2D9/nX047oeBQP5aoTBux/xecU=
			</data>
		</dict>
	</dict>
	<key>rules</key>
	<dict>
		<key>^</key>
		<true/>
		<key>^.*\.lproj/</key>
		<dict>
			<key>optional</key>
			<true/>
			<key>weight</key>
			<real>1000</real>
		</dict>
		<key>^.*\.lproj/locversion.plist$</key>
		<dict>
			<key>omit</key>
			<true/>
			<key>weight</key>
			<real>1100</real>
		</dict>
		<key>^Base\.lproj/</key>
		<dict>
			<key>weight</key>
			<real>1010</real>
		</dict>
		<key>^version.plist$</key>
		<true/>
	</dict>
	<key>rules2</key>
	<dict>
		<key>.*\.dSYM($|/)</key>
		<dict>
			<key>weight</key>
			<real>11</real>
		</dict>
		<key>^</key>
		<dict>
			<key>weight</key>
			<real>20</real>
		</dict>
		<key>^(.*/)?\.DS_Store$</key>
		<dict>
			<key>omit</key>
			<true/>
			<key>weight</key>
			<real>2000</real>
		</dict>
		<key>^(Frameworks|SharedFrameworks|PlugIns|Plug-ins|XPCServices|Helpers|MacOS|Library/(Automator|Spotlight|LoginItems))/</key>
		<dict>
			<key>nested</key>
			<true/>
			<key>weight</key>
			<real>10</real>
		</dict>
		<key>^.*</key>
		<true/>
		<key>^.*\.lproj/</key>
		<dict>
			<key>optional</key>
			<true/>
			<key>weight</key>
			<real>1000</real>
		</dict>
		<key>^.*\.lproj/locversion.plist$</key>
		<dict>
			<key>omit</key>
			<true/>
			<key>weight</key>
			<real>1100</real>
		</dict>
		<key>^Base\.lproj/</key>
		<dict>
			<key>weight</key>
			<real>1010</real>
		</dict>
		<key>^Info\.plist$</key>
		<dict>
			<key>omit</key>
			<true/>
			<key>weight</key>
			<real>20</real>
		</dict>
		<key>^PkgInfo$</key>
		<dict>
			<key>omit</key>
			<true/>
			<key>weight</key>
			<real>20</real>
		</dict>
		<key>^[^/]+$</key>
		<dict>
			<key>nested</key>
			<true/>
			<key>weight</key>
			<real>10</real>
		</dict>
		<key>^embedded\.provisionprofile$</key>
		<dict>
			<key>weight</key>
			<real>20</real>
		</dict>
		<key>^version\.plist$</key>
		<dict>
			<key>weight</key>
			<real>20</real>
		</dict>
	</dict>
</dict>
</plist>
