<?xml version="1.0" encoding="UTF-8"?>
<!DOCTYPE plist PUBLIC "-//Apple//DTD PLIST 1.0//EN" "http://www.apple.com/DTDs/PropertyList-1.0.dtd">
<plist version="1.0">
<dict>
	<key>files</key>
	<dict>
		<key>Assets.car</key>
		<data>
		JSoYzDSikHvCyC9uzTDRdeL5xfk=
		</data>
		<key>Base.lproj/LaunchScreen.storyboardc/01J-lp-oVM-view-Ze5-6b-2t3.nib</key>
		<data>
		jEuL+OrD523ZkIoZsQkoe/BiZUE=
		</data>
		<key>Base.lproj/LaunchScreen.storyboardc/Info.plist</key>
		<data>
		n2t8gsDpfE6XkhG31p7IQJRxTxU=
		</data>
		<key>Base.lproj/LaunchScreen.storyboardc/UIViewController-01J-lp-oVM.nib</key>
		<data>
		K9g9sWXLUzjMbdh2QmF1MJfYOwc=
		</data>
		<key>Base.lproj/Main.storyboardc/4Wn-QT-oQT-view-x5R-H4-gHA.nib</key>
		<data>
		YVyuzbNN12L6Obw4A5A4/B9NY2M=
		</data>
		<key>Base.lproj/Main.storyboardc/A6x-fA-Vld-view-a9E-ph-cqX.nib</key>
		<data>
		m9d6xfUrY/EiXtecccyvv+/diUA=
		</data>
		<key>Base.lproj/Main.storyboardc/AlphaViewController.nib</key>
		<data>
		/xRlSBYJVsjyNlJ8w7TFM81F87o=
		</data>
		<key>Base.lproj/Main.storyboardc/BYZ-38-t0r-view-8bC-Xf-vdC.nib</key>
		<data>
		OeJO360hd0LJHPY0C114kapm4TE=
		</data>
		<key>Base.lproj/Main.storyboardc/BravoViewController.nib</key>
		<data>
		q5RVHsL0QwKt5tRWCo2JKTHMiwA=
		</data>
		<key>Base.lproj/Main.storyboardc/CharlieViewController.nib</key>
		<data>
		RiItcSEOdFY7V2u1WH7Vq12WOec=
		</data>
		<key>Base.lproj/Main.storyboardc/DVh-6r-K9o-view-Sft-S3-BNg.nib</key>
		<data>
		O2wn1Fk3orkVbpEc8vCWEBR9Sr0=
		</data>
		<key>Base.lproj/Main.storyboardc/Info.plist</key>
		<data>
		voeY3LHDZAksq+m4bbuzf4NilXg=
		</data>
		<key>Base.lproj/Main.storyboardc/UIViewController-4Wn-QT-oQT.nib</key>
		<data>
		tmi6FFx3vhyqx1NQcp9if+aESmQ=
		</data>
		<key>Frameworks/Alamofire.framework/Alamofire</key>
		<data>
		eqCNCwU9XMFW3L3tVWZm2AKMTD8=
		</data>
		<key>Frameworks/Alamofire.framework/Info.plist</key>
		<data>
		U7ThSMTkZe+1Ev5s39ko9J4+yu8=
		</data>
		<key>Frameworks/Alamofire.framework/_CodeSignature/CodeResources</key>
		<data>
		LO/KeVvinKfc+wrCvMpLxYd1hdk=
		</data>
		<key>Frameworks/Reachability.framework/Info.plist</key>
		<data>
		hplHDJTJwoimZzb9/zEHTjknnfw=
		</data>
		<key>Frameworks/Reachability.framework/Reachability</key>
		<data>
		mxFKQD/K5tU12lmIcDS+tyUyGaU=
		</data>
		<key>Frameworks/Reachability.framework/_CodeSignature/CodeResources</key>
		<data>
		9TDXk09w0Gv18dIVBcCyBvav1Vw=
		</data>
		<key>Frameworks/RxCocoa.framework/Info.plist</key>
		<data>
		NPQHCSjs3hQwULmPafzfBPBxeeU=
		</data>
		<key>Frameworks/RxCocoa.framework/RxCocoa</key>
		<data>
		Ws8H0Igw61HVOSTeT9Z/cLETu7I=
		</data>
		<key>Frameworks/RxCocoa.framework/_CodeSignature/CodeResources</key>
		<data>
		l/KNZUDJJBK8aT2oiWiGkEn4OW8=
		</data>
		<key>Frameworks/RxSwift.framework/Info.plist</key>
		<data>
		W619a2G4DkeUNKE9wTWiYj0G+Tg=
		</data>
		<key>Frameworks/RxSwift.framework/RxSwift</key>
		<data>
		nYceMtlxSfVZx++PtM7Nb7AN8/E=
		</data>
		<key>Frameworks/RxSwift.framework/_CodeSignature/CodeResources</key>
		<data>
		adiphD3K+Xnop9ELPUDC7hM6JCI=
		</data>
		<key>Frameworks/XCTAutomationSupport.framework/Info.plist</key>
		<data>
		XEMM1zNUjIjoF0oBCcAoFlMj/78=
		</data>
		<key>Frameworks/XCTAutomationSupport.framework/XCTAutomationSupport</key>
		<data>
		egBbStiL5ljoX4Klgz/5f/DHKws=
		</data>
		<key>Frameworks/XCTAutomationSupport.framework/XPCServices/LogArchiveCollector.xpc/Info.plist</key>
		<data>
		5yml+i3PuOPSU3eVOvq7K7lWJzs=
		</data>
		<key>Frameworks/XCTAutomationSupport.framework/XPCServices/LogArchiveCollector.xpc/LogArchiveCollector</key>
		<data>
		ZXXOv+WBftwWpHKn3fM1zAoUhOo=
		</data>
		<key>Frameworks/XCTAutomationSupport.framework/XPCServices/LogArchiveCollector.xpc/_CodeSignature/CodeResources</key>
		<data>
		4op4bZbgPB2K37WVJQSxMkcPNLs=
		</data>
		<key>Frameworks/XCTAutomationSupport.framework/XPCServices/LogArchiveCollector.xpc/version.plist</key>
		<data>
		fkxPTBeBKL+JW7TF4rdXvkccNLs=
		</data>
		<key>Frameworks/XCTAutomationSupport.framework/_CodeSignature/CodeResources</key>
		<data>
		cAK5mpC3HwxYO5OXpTFXh+w3c2Y=
		</data>
		<key>Frameworks/XCTAutomationSupport.framework/version.plist</key>
		<data>
		jbKC2b+KYpjXh2qm/yVPxp6oxXU=
		</data>
		<key>Frameworks/XCTest.framework/Info.plist</key>
		<data>
		ZYYXrlSp6znc2cHkHxyB8TaaHBs=
		</data>
		<key>Frameworks/XCTest.framework/XCTest</key>
		<data>
		KFe+gDm+yALzEOD36ZA5084ls8A=
		</data>
		<key>Frameworks/XCTest.framework/_CodeSignature/CodeResources</key>
		<data>
		M13E8vfB/VgwEFXqpsN3CG++92g=
		</data>
		<key>Frameworks/XCTest.framework/en.lproj/InfoPlist.strings</key>
		<dict>
			<key>hash</key>
			<data>
			TuBj57ZP6zBqcL9HttO2Rucaw9E=
			</data>
			<key>optional</key>
			<true/>
		</dict>
		<key>Frameworks/XCTest.framework/version.plist</key>
		<data>
		jbKC2b+KYpjXh2qm/yVPxp6oxXU=
		</data>
		<key>Frameworks/libXCTestBundleInject.dylib</key>
		<data>
		no2V+L990CqA7SYiuPU2YMyW47w=
		</data>
		<key>Frameworks/libswiftCore.dylib</key>
		<data>
		Y9+EZqrIVysvN9zAiuLqzfKft5Y=
		</data>
		<key>Frameworks/libswiftCoreFoundation.dylib</key>
		<data>
		HLRsXQYaYcs9wCt2Dq4/FEby8Xs=
		</data>
		<key>Frameworks/libswiftCoreGraphics.dylib</key>
		<data>
		YK/KSmlFAEAKh50aJ744Q7FaWC0=
		</data>
		<key>Frameworks/libswiftCoreImage.dylib</key>
		<data>
		7vZGK8anm1KqLG6RcAHSnmBwVSQ=
		</data>
		<key>Frameworks/libswiftDarwin.dylib</key>
		<data>
		xaSiAx8FZHf8y12dMP6C85DTgBE=
		</data>
		<key>Frameworks/libswiftDispatch.dylib</key>
		<data>
		oxWF7LpLtS/Yx7+fuV+Z6JilOjY=
		</data>
		<key>Frameworks/libswiftFoundation.dylib</key>
		<data>
		ZZZAVG3IFnmSdKiPaPOPxToQIPw=
		</data>
		<key>Frameworks/libswiftMetal.dylib</key>
		<data>
		pbTlooPxo6h9TqG+8ea276llz0s=
		</data>
		<key>Frameworks/libswiftObjectiveC.dylib</key>
		<data>
		JNFm+SC3D+NoHhhTjLaJmgYbnyI=
		</data>
		<key>Frameworks/libswiftQuartzCore.dylib</key>
		<data>
		KtvN6DzbdbY/O+TVBxMNN5Wfp64=
		</data>
		<key>Frameworks/libswiftSwiftOnoneSupport.dylib</key>
		<data>
		N6CZi8BlivShi8nDnnwO5/XDY/o=
		</data>
		<key>Frameworks/libswiftUIKit.dylib</key>
		<data>
		ugG527hn/AhMv4Y6KpNoE8a9sIM=
		</data>
		<key>Frameworks/libswiftos.dylib</key>
		<data>
		1U4GS/iC8ZFQ7ClvOVtUgDVHIYw=
		</data>
		<key>Info.plist</key>
		<data>
		qHRYtRm8FahkLOTkREVXvqNaEgQ=
		</data>
		<key>PkgInfo</key>
		<data>
		n57qDP4tZfLD1rCS43W0B4LQjzE=
		</data>
		<key>PlugIns/ConnectivityRemoteTestTests.xctest/ConnectivityRemoteTestTests</key>
		<data>
		J5QaRiabEXM/mm68498VJq23mXU=
		</data>
		<key>PlugIns/ConnectivityRemoteTestTests.xctest/Frameworks/RxBlocking.framework/Info.plist</key>
		<data>
		0vmJEoTqEEjLdSXZXafkuATjaD8=
		</data>
		<key>PlugIns/ConnectivityRemoteTestTests.xctest/Frameworks/RxBlocking.framework/RxBlocking</key>
		<data>
		QcheJeEMcT/qMpghXDWkeQn6JTs=
		</data>
		<key>PlugIns/ConnectivityRemoteTestTests.xctest/Frameworks/RxBlocking.framework/_CodeSignature/CodeResources</key>
		<data>
		HwBC4Gy/TthLU13TJcdJgJf8RQw=
		</data>
		<key>PlugIns/ConnectivityRemoteTestTests.xctest/Frameworks/RxSwift.framework/Info.plist</key>
		<data>
		/qmxFSKNcKICajPp3tr7zTRKvQw=
		</data>
		<key>PlugIns/ConnectivityRemoteTestTests.xctest/Frameworks/RxSwift.framework/RxSwift</key>
		<data>
		PvmZXSbCuCynEeBsMyq7IS9r0Xw=
		</data>
		<key>PlugIns/ConnectivityRemoteTestTests.xctest/Frameworks/RxSwift.framework/_CodeSignature/CodeResources</key>
		<data>
		4gYbCeyU00T4BveVHbGCHWdIXWE=
		</data>
		<key>PlugIns/ConnectivityRemoteTestTests.xctest/Frameworks/RxTest.framework/Info.plist</key>
		<data>
		cLvlVD61Edb8bbKM8jZrW9pW6qo=
		</data>
		<key>PlugIns/ConnectivityRemoteTestTests.xctest/Frameworks/RxTest.framework/RxTest</key>
		<data>
		L96QOy3tP9NEU+ZXNT+LvzFhDvE=
		</data>
		<key>PlugIns/ConnectivityRemoteTestTests.xctest/Frameworks/RxTest.framework/_CodeSignature/CodeResources</key>
		<data>
		Xk6Zq2YsEdAPFMCfgIwOaAf4fyg=
		</data>
		<key>PlugIns/ConnectivityRemoteTestTests.xctest/Frameworks/libswiftCore.dylib</key>
		<data>
		Y9+EZqrIVysvN9zAiuLqzfKft5Y=
		</data>
		<key>PlugIns/ConnectivityRemoteTestTests.xctest/Frameworks/libswiftCoreAudio.dylib</key>
		<data>
		svfY0SWP3RUpWSXkSe6t+KmPEmY=
		</data>
		<key>PlugIns/ConnectivityRemoteTestTests.xctest/Frameworks/libswiftCoreFoundation.dylib</key>
		<data>
		HLRsXQYaYcs9wCt2Dq4/FEby8Xs=
		</data>
		<key>PlugIns/ConnectivityRemoteTestTests.xctest/Frameworks/libswiftCoreGraphics.dylib</key>
		<data>
		YK/KSmlFAEAKh50aJ744Q7FaWC0=
		</data>
		<key>PlugIns/ConnectivityRemoteTestTests.xctest/Frameworks/libswiftCoreImage.dylib</key>
		<data>
		7vZGK8anm1KqLG6RcAHSnmBwVSQ=
		</data>
		<key>PlugIns/ConnectivityRemoteTestTests.xctest/Frameworks/libswiftCoreMedia.dylib</key>
		<data>
		gg8+L8qmksAymfA6RPz4yHTsl8I=
		</data>
		<key>PlugIns/ConnectivityRemoteTestTests.xctest/Frameworks/libswiftDarwin.dylib</key>
		<data>
		xaSiAx8FZHf8y12dMP6C85DTgBE=
		</data>
		<key>PlugIns/ConnectivityRemoteTestTests.xctest/Frameworks/libswiftDispatch.dylib</key>
		<data>
		oxWF7LpLtS/Yx7+fuV+Z6JilOjY=
		</data>
		<key>PlugIns/ConnectivityRemoteTestTests.xctest/Frameworks/libswiftFoundation.dylib</key>
		<data>
		ZZZAVG3IFnmSdKiPaPOPxToQIPw=
		</data>
		<key>PlugIns/ConnectivityRemoteTestTests.xctest/Frameworks/libswiftMetal.dylib</key>
		<data>
		pbTlooPxo6h9TqG+8ea276llz0s=
		</data>
		<key>PlugIns/ConnectivityRemoteTestTests.xctest/Frameworks/libswiftObjectiveC.dylib</key>
		<data>
		JNFm+SC3D+NoHhhTjLaJmgYbnyI=
		</data>
		<key>PlugIns/ConnectivityRemoteTestTests.xctest/Frameworks/libswiftQuartzCore.dylib</key>
		<data>
		KtvN6DzbdbY/O+TVBxMNN5Wfp64=
		</data>
		<key>PlugIns/ConnectivityRemoteTestTests.xctest/Frameworks/libswiftSwiftOnoneSupport.dylib</key>
		<data>
		N6CZi8BlivShi8nDnnwO5/XDY/o=
		</data>
		<key>PlugIns/ConnectivityRemoteTestTests.xctest/Frameworks/libswiftUIKit.dylib</key>
		<data>
		ugG527hn/AhMv4Y6KpNoE8a9sIM=
		</data>
		<key>PlugIns/ConnectivityRemoteTestTests.xctest/Frameworks/libswiftXCTest.dylib</key>
		<data>
		+SO9LkQQlpJU3c9viKyPGlUVS3k=
		</data>
		<key>PlugIns/ConnectivityRemoteTestTests.xctest/Frameworks/libswiftos.dylib</key>
		<data>
		1U4GS/iC8ZFQ7ClvOVtUgDVHIYw=
		</data>
		<key>PlugIns/ConnectivityRemoteTestTests.xctest/Info.plist</key>
		<data>
		bikVgIrjplKbkr9R0DXFV0aQceg=
		</data>
		<key>PlugIns/ConnectivityRemoteTestTests.xctest/_CodeSignature/CodeResources</key>
		<data>
		rzVyGK1VQQGCgqJ3+iqQ/pvMxrE=
		</data>
		<key>PlugIns/ConnectivityRemoteTestTests.xctest/libswiftRemoteMirror.dylib</key>
		<data>
		q9bYp2Hq3VAApWCW4DIcp8hu09M=
		</data>
		<key>libswiftRemoteMirror.dylib</key>
		<data>
		q9bYp2Hq3VAApWCW4DIcp8hu09M=
		</data>
	</dict>
	<key>files2</key>
	<dict>
		<key>Assets.car</key>
		<dict>
			<key>hash2</key>
			<data>
			74yp3I4NMniP8mUAuN2VL77WiFNTP6xjN57pYa7c+Ac=
			</data>
		</dict>
		<key>Base.lproj/LaunchScreen.storyboardc/01J-lp-oVM-view-Ze5-6b-2t3.nib</key>
		<dict>
			<key>hash2</key>
			<data>
			jAW5eU1Le/mSZMQU2yteJ444yVTq5Ao34YfmZU423Uc=
			</data>
		</dict>
		<key>Base.lproj/LaunchScreen.storyboardc/Info.plist</key>
		<dict>
			<key>hash2</key>
			<data>
			HyVdXMU7Ux4/KalAao30mpWOK/lEPT4gvYN09wf31cg=
			</data>
		</dict>
		<key>Base.lproj/LaunchScreen.storyboardc/UIViewController-01J-lp-oVM.nib</key>
		<dict>
			<key>hash2</key>
			<data>
			OW3dvi6UfGt41cuauWB+rkkr+TiGFvPJgiv7mr1WrEM=
			</data>
		</dict>
		<key>Base.lproj/Main.storyboardc/4Wn-QT-oQT-view-x5R-H4-gHA.nib</key>
		<dict>
			<key>hash2</key>
			<data>
			/ehrN+ONPJS5qndcdSYEuFgiMn4xR5yzadjVoYcWm38=
			</data>
		</dict>
		<key>Base.lproj/Main.storyboardc/A6x-fA-Vld-view-a9E-ph-cqX.nib</key>
		<dict>
			<key>hash2</key>
			<data>
			MCmSk6XFnOk5SxFtPI3U5bYGLvbqA92wN8LzeNpQzG0=
			</data>
		</dict>
		<key>Base.lproj/Main.storyboardc/AlphaViewController.nib</key>
		<dict>
			<key>hash2</key>
			<data>
			cMeVxDGBBVRTyJtSjipa/S73Eqd8sdZrZ9VXnm29oy8=
			</data>
		</dict>
		<key>Base.lproj/Main.storyboardc/BYZ-38-t0r-view-8bC-Xf-vdC.nib</key>
		<dict>
			<key>hash2</key>
			<data>
			niPG5oaXbXPSK/I/TYpVJwpFtUENR8Doe2lrgU5OkJg=
			</data>
		</dict>
		<key>Base.lproj/Main.storyboardc/BravoViewController.nib</key>
		<dict>
			<key>hash2</key>
			<data>
			Rd2KRCd/UnPXRZ/UnXWvn4FXLN5U/W2iUosGaKm6W3U=
			</data>
		</dict>
		<key>Base.lproj/Main.storyboardc/CharlieViewController.nib</key>
		<dict>
			<key>hash2</key>
			<data>
			ZaLoaMNylOuf91tuwzcNpJdgWzoJ40Y6AGULXHtrMtU=
			</data>
		</dict>
		<key>Base.lproj/Main.storyboardc/DVh-6r-K9o-view-Sft-S3-BNg.nib</key>
		<dict>
			<key>hash2</key>
			<data>
			brxZaS+/AJEfacrVX2VcDzH/piJleyMhXjVUf/q6dio=
			</data>
		</dict>
		<key>Base.lproj/Main.storyboardc/Info.plist</key>
		<dict>
			<key>hash2</key>
			<data>
			3qUND8D/t+w1ePU5/QyGDQh+CRmMmRC6H9S7/RZlD6o=
			</data>
		</dict>
		<key>Base.lproj/Main.storyboardc/UIViewController-4Wn-QT-oQT.nib</key>
		<dict>
			<key>hash2</key>
			<data>
			GX8XyLTzIbSm0pPDXyI4tG7jtuyLA74QbNNVyKb+pCk=
			</data>
		</dict>
		<key>Frameworks/Alamofire.framework/Alamofire</key>
		<dict>
			<key>hash2</key>
			<data>
			a1jngHJIKzXDn6X+XszpYF4o45gWjdY3RxBTkeF8VCo=
			</data>
		</dict>
		<key>Frameworks/Alamofire.framework/Info.plist</key>
		<dict>
			<key>hash2</key>
			<data>
			BqXd5NzKVfpe9Q0IWbC+kBmQRIXbY7PMWiaNQnc8rAg=
			</data>
		</dict>
		<key>Frameworks/Alamofire.framework/_CodeSignature/CodeResources</key>
		<dict>
			<key>hash2</key>
			<data>
			+QnVOOO+YPa1bCMXurlGRPlFWIrazBp3zwx8uLrDKOE=
			</data>
		</dict>
		<key>Frameworks/Reachability.framework/Info.plist</key>
		<dict>
			<key>hash2</key>
			<data>
			zHK55rlXVWwUgAJWBvh2hoA4weQwGzKWBQKNZ5EiyQc=
			</data>
		</dict>
		<key>Frameworks/Reachability.framework/Reachability</key>
		<dict>
			<key>hash2</key>
			<data>
			q/sxH5Q5Y31ZdjVpubG0zxNQ1IfN0ipVUtMCsrnuqtM=
			</data>
		</dict>
		<key>Frameworks/Reachability.framework/_CodeSignature/CodeResources</key>
		<dict>
			<key>hash2</key>
			<data>
			pkGK6IWPVevJV3aCojfnvP0o3ggBPBfCs0dToNjQ4xI=
			</data>
		</dict>
		<key>Frameworks/RxCocoa.framework/Info.plist</key>
		<dict>
			<key>hash2</key>
			<data>
			Ijba2qEKV/CL9XOK8S/EOEvu4qrW0BIwRBqVyNLJ6b4=
			</data>
		</dict>
		<key>Frameworks/RxCocoa.framework/RxCocoa</key>
		<dict>
			<key>hash2</key>
			<data>
			G8a9QwDBEwfwWbXN3MEs0HNBIvf1o1VdfcPqcN6q4DM=
			</data>
		</dict>
		<key>Frameworks/RxCocoa.framework/_CodeSignature/CodeResources</key>
		<dict>
			<key>hash2</key>
			<data>
			QgChtnHay7EBzdtTGKL9/2IyN6a2yH7b2GJw83Y8WQQ=
			</data>
		</dict>
		<key>Frameworks/RxSwift.framework/Info.plist</key>
		<dict>
			<key>hash2</key>
			<data>
			ZtIZVXNKGZQdjD59aMyOy3MTLG7egxvYvQhBAoal6Y0=
			</data>
		</dict>
		<key>Frameworks/RxSwift.framework/RxSwift</key>
		<dict>
			<key>hash2</key>
			<data>
			TXbAMGUTZxJpEKiN+XtkXeDSA78afzfMvpXZAIfy8nM=
			</data>
		</dict>
		<key>Frameworks/RxSwift.framework/_CodeSignature/CodeResources</key>
		<dict>
			<key>hash2</key>
			<data>
			Fa0CoH3itIKCSgYG3T49mL6PLE0VaPkt648we/Vbllk=
			</data>
		</dict>
		<key>Frameworks/XCTAutomationSupport.framework/Info.plist</key>
		<dict>
			<key>hash2</key>
			<data>
			RrOmhIGirQY1aEYuX35PZtMcnAhBUDeNtmDJW/QdHu8=
			</data>
		</dict>
		<key>Frameworks/XCTAutomationSupport.framework/XCTAutomationSupport</key>
		<dict>
			<key>hash2</key>
			<data>
			k0odZg8TqSaW3F+Wxcsd/4TfZgoVAJY/FsXDiVa4dMg=
			</data>
		</dict>
		<key>Frameworks/XCTAutomationSupport.framework/XPCServices/LogArchiveCollector.xpc/Info.plist</key>
		<dict>
			<key>hash2</key>
			<data>
			xWHq5+Yplhdf34qFL2gP0niNERMDOnrTTMdCzrNlUdc=
			</data>
		</dict>
		<key>Frameworks/XCTAutomationSupport.framework/XPCServices/LogArchiveCollector.xpc/LogArchiveCollector</key>
		<dict>
			<key>hash2</key>
			<data>
			JeulmuP7CZ0DZBpr+vWpx9V0TzfJU17spX0LU0tv+U4=
			</data>
		</dict>
		<key>Frameworks/XCTAutomationSupport.framework/XPCServices/LogArchiveCollector.xpc/_CodeSignature/CodeResources</key>
		<dict>
			<key>hash2</key>
			<data>
			UF88NiRq8n3oiJLZ1csoSl29esMCY7yJ9yo70/HUTYM=
			</data>
		</dict>
		<key>Frameworks/XCTAutomationSupport.framework/XPCServices/LogArchiveCollector.xpc/version.plist</key>
		<dict>
			<key>hash2</key>
			<data>
			vl8hH4Rh02SwF60e0KOkdDXdu4asjotsFb26iGfbPG0=
			</data>
		</dict>
		<key>Frameworks/XCTAutomationSupport.framework/_CodeSignature/CodeResources</key>
		<dict>
			<key>hash2</key>
			<data>
			3Car9dP1GQVRpPXsdWacgABV2SN7slaCBO2nl/55Iuo=
			</data>
		</dict>
		<key>Frameworks/XCTAutomationSupport.framework/version.plist</key>
		<dict>
			<key>hash2</key>
			<data>
			Q7ZYLt2wkcLeyL+1t2D9/nX047oeBQP5aoTBux/xecU=
			</data>
		</dict>
		<key>Frameworks/XCTest.framework/Info.plist</key>
		<dict>
			<key>hash2</key>
			<data>
			snVQYPElgt1HK6aEfmfKq/9jiXrNKhdcImZTT1Jt5ac=
			</data>
		</dict>
		<key>Frameworks/XCTest.framework/XCTest</key>
		<dict>
			<key>hash2</key>
			<data>
			v3jcAkNVlxj78GQHyDeUW0ekJD9lOWaMJcVpo6KlBW0=
			</data>
		</dict>
		<key>Frameworks/XCTest.framework/_CodeSignature/CodeResources</key>
		<dict>
			<key>hash2</key>
			<data>
			eLesS9RVUyWT5BpDudbpIQKv+Xm0YkJbe/GTU09SLLw=
			</data>
		</dict>
		<key>Frameworks/XCTest.framework/en.lproj/InfoPlist.strings</key>
		<dict>
			<key>hash2</key>
			<data>
			89RGkjZaKuewYnjpzwhIswhqfrU8+pcEXqM/DHVrUmo=
			</data>
			<key>optional</key>
			<true/>
		</dict>
		<key>Frameworks/XCTest.framework/version.plist</key>
		<dict>
			<key>hash2</key>
			<data>
			Q7ZYLt2wkcLeyL+1t2D9/nX047oeBQP5aoTBux/xecU=
			</data>
		</dict>
		<key>Frameworks/libXCTestBundleInject.dylib</key>
		<dict>
			<key>hash2</key>
			<data>
			gI4WnkFhB/fAk/cKiE1cqcVpo/iwxL+xuuPY0kk7JAM=
			</data>
		</dict>
		<key>Frameworks/libswiftCore.dylib</key>
		<dict>
			<key>hash2</key>
			<data>
			FKGDUnDOk83TYiI2e2BA1yzrbNgYmBU3YQhaSl0kfAQ=
			</data>
		</dict>
		<key>Frameworks/libswiftCoreFoundation.dylib</key>
		<dict>
			<key>hash2</key>
			<data>
			CSk30fguhY7twX2E+F4GxYIW9WW8I96AXap0sFn/kFQ=
			</data>
		</dict>
		<key>Frameworks/libswiftCoreGraphics.dylib</key>
		<dict>
			<key>hash2</key>
			<data>
			Pg2Ta5l2U/CHGUVzaZ91uhHPrJZ3h0TdTXJRfIR012g=
			</data>
		</dict>
		<key>Frameworks/libswiftCoreImage.dylib</key>
		<dict>
			<key>hash2</key>
			<data>
			LqYqogLI4A+5tEF5cYIJF1DQ7mfQwB60QBKZRyphDDg=
			</data>
		</dict>
		<key>Frameworks/libswiftDarwin.dylib</key>
		<dict>
			<key>hash2</key>
			<data>
			PMkMyfgcn9asnW/XHRx69Kk4WV1LK6w56VxodaLOGF4=
			</data>
		</dict>
		<key>Frameworks/libswiftDispatch.dylib</key>
		<dict>
			<key>hash2</key>
			<data>
			Ef0PHmwM9hTL48RTivIExtFO8nS1Yaqw+kNSf8erZWc=
			</data>
		</dict>
		<key>Frameworks/libswiftFoundation.dylib</key>
		<dict>
			<key>hash2</key>
			<data>
			ZjgcbnE0ytFrIVs6Fs8rs31T4/6pjT6BR3Z8PDus6ik=
			</data>
		</dict>
		<key>Frameworks/libswiftMetal.dylib</key>
		<dict>
			<key>hash2</key>
			<data>
			mA/z68R7sjZZx7yKlbaeDz3bu1GZk1h1IF5bPvfi8Xo=
			</data>
		</dict>
		<key>Frameworks/libswiftObjectiveC.dylib</key>
		<dict>
			<key>hash2</key>
			<data>
			8Ww5C8iOGCl9UOWN4SJXF4ZlxerV++OKF186cT95+5c=
			</data>
		</dict>
		<key>Frameworks/libswiftQuartzCore.dylib</key>
		<dict>
			<key>hash2</key>
			<data>
			9/DY0mfncYuXKMP6LT1GWCGb/0P9t8oRY3nffOqtL3Q=
			</data>
		</dict>
		<key>Frameworks/libswiftSwiftOnoneSupport.dylib</key>
		<dict>
			<key>hash2</key>
			<data>
			7jS7rE5G3ybeJl/i44gH4AFaAbaWGNKRV23Up6rsTV8=
			</data>
		</dict>
		<key>Frameworks/libswiftUIKit.dylib</key>
		<dict>
			<key>hash2</key>
			<data>
			HH60kMKXhKlNTSNxa63F1PIZj+HXVnIHAKXZT8EVNjU=
			</data>
		</dict>
		<key>Frameworks/libswiftos.dylib</key>
		<dict>
			<key>hash2</key>
			<data>
			bKWAX0AVkLP8RffbFH/kKLGz5BpIbdka8AKLx/DUSqg=
			</data>
		</dict>
		<key>PlugIns/ConnectivityRemoteTestTests.xctest/ConnectivityRemoteTestTests</key>
		<dict>
			<key>hash2</key>
			<data>
			mj+K6ldEkdGduSC5NtpdTDs3PaRVkNPnojHOoPo7yug=
			</data>
		</dict>
		<key>PlugIns/ConnectivityRemoteTestTests.xctest/Frameworks/RxBlocking.framework/Info.plist</key>
		<dict>
			<key>hash2</key>
			<data>
			8zqWg1yDvV9eycmgHdStvEUGPMA2zM548wO9B+1zG7c=
			</data>
		</dict>
		<key>PlugIns/ConnectivityRemoteTestTests.xctest/Frameworks/RxBlocking.framework/RxBlocking</key>
		<dict>
			<key>hash2</key>
			<data>
			Rgo6V3yQh0NpnZQ89Th+EZHhHn1qrg2RIpeEBWII5jY=
			</data>
		</dict>
		<key>PlugIns/ConnectivityRemoteTestTests.xctest/Frameworks/RxBlocking.framework/_CodeSignature/CodeResources</key>
		<dict>
			<key>hash2</key>
			<data>
			8/JlFhAtdPwg8Cg4XGxMuOSLHrtM4xku/Ds0VEygdkQ=
			</data>
		</dict>
		<key>PlugIns/ConnectivityRemoteTestTests.xctest/Frameworks/RxSwift.framework/Info.plist</key>
		<dict>
			<key>hash2</key>
			<data>
			WGbHs0EcSrBJsCS7LqU2ad+D/sYt4LViNnDoF6g85uE=
			</data>
		</dict>
		<key>PlugIns/ConnectivityRemoteTestTests.xctest/Frameworks/RxSwift.framework/RxSwift</key>
		<dict>
			<key>hash2</key>
			<data>
			N4OP8Hv1kwCROD7hGiIDGJyMN7UuV+G1vN/BV5oXT7U=
			</data>
		</dict>
		<key>PlugIns/ConnectivityRemoteTestTests.xctest/Frameworks/RxSwift.framework/_CodeSignature/CodeResources</key>
		<dict>
			<key>hash2</key>
			<data>
			HTjhW0rDJEGYucxaz0BJSsjvjxKLr2fNCQxv5Qz2JSc=
			</data>
		</dict>
		<key>PlugIns/ConnectivityRemoteTestTests.xctest/Frameworks/RxTest.framework/Info.plist</key>
		<dict>
			<key>hash2</key>
			<data>
			X4tEl33yx5HQPrbbhEIE+uYzejrEZjgrJGcizqY66Gk=
			</data>
		</dict>
		<key>PlugIns/ConnectivityRemoteTestTests.xctest/Frameworks/RxTest.framework/RxTest</key>
		<dict>
			<key>hash2</key>
			<data>
			g6gLibLXXpV9FSDPXzEQvL8cxbNzrM8WPpCeGiTmuaU=
			</data>
		</dict>
		<key>PlugIns/ConnectivityRemoteTestTests.xctest/Frameworks/RxTest.framework/_CodeSignature/CodeResources</key>
		<dict>
			<key>hash2</key>
			<data>
			48XRAx9N5kzJuYvpVFIZU1ags1RDHrSuINO1nJo428M=
			</data>
		</dict>
		<key>PlugIns/ConnectivityRemoteTestTests.xctest/Frameworks/libswiftCore.dylib</key>
		<dict>
			<key>hash2</key>
			<data>
			FKGDUnDOk83TYiI2e2BA1yzrbNgYmBU3YQhaSl0kfAQ=
			</data>
		</dict>
		<key>PlugIns/ConnectivityRemoteTestTests.xctest/Frameworks/libswiftCoreAudio.dylib</key>
		<dict>
			<key>hash2</key>
			<data>
			LDE8MJBaEH7xgAk71Z566Oo/PYXlJcqL1xMpRyFVZc8=
			</data>
		</dict>
		<key>PlugIns/ConnectivityRemoteTestTests.xctest/Frameworks/libswiftCoreFoundation.dylib</key>
		<dict>
			<key>hash2</key>
			<data>
			CSk30fguhY7twX2E+F4GxYIW9WW8I96AXap0sFn/kFQ=
			</data>
		</dict>
		<key>PlugIns/ConnectivityRemoteTestTests.xctest/Frameworks/libswiftCoreGraphics.dylib</key>
		<dict>
			<key>hash2</key>
			<data>
			Pg2Ta5l2U/CHGUVzaZ91uhHPrJZ3h0TdTXJRfIR012g=
			</data>
		</dict>
		<key>PlugIns/ConnectivityRemoteTestTests.xctest/Frameworks/libswiftCoreImage.dylib</key>
		<dict>
			<key>hash2</key>
			<data>
			LqYqogLI4A+5tEF5cYIJF1DQ7mfQwB60QBKZRyphDDg=
			</data>
		</dict>
		<key>PlugIns/ConnectivityRemoteTestTests.xctest/Frameworks/libswiftCoreMedia.dylib</key>
		<dict>
			<key>hash2</key>
			<data>
			0VzyQZksM4UziE5WX1LYwhDLKuCEvBjsLs8OLZso3lk=
			</data>
		</dict>
		<key>PlugIns/ConnectivityRemoteTestTests.xctest/Frameworks/libswiftDarwin.dylib</key>
		<dict>
			<key>hash2</key>
			<data>
			PMkMyfgcn9asnW/XHRx69Kk4WV1LK6w56VxodaLOGF4=
			</data>
		</dict>
		<key>PlugIns/ConnectivityRemoteTestTests.xctest/Frameworks/libswiftDispatch.dylib</key>
		<dict>
			<key>hash2</key>
			<data>
			Ef0PHmwM9hTL48RTivIExtFO8nS1Yaqw+kNSf8erZWc=
			</data>
		</dict>
		<key>PlugIns/ConnectivityRemoteTestTests.xctest/Frameworks/libswiftFoundation.dylib</key>
		<dict>
			<key>hash2</key>
			<data>
			ZjgcbnE0ytFrIVs6Fs8rs31T4/6pjT6BR3Z8PDus6ik=
			</data>
		</dict>
		<key>PlugIns/ConnectivityRemoteTestTests.xctest/Frameworks/libswiftMetal.dylib</key>
		<dict>
			<key>hash2</key>
			<data>
			mA/z68R7sjZZx7yKlbaeDz3bu1GZk1h1IF5bPvfi8Xo=
			</data>
		</dict>
		<key>PlugIns/ConnectivityRemoteTestTests.xctest/Frameworks/libswiftObjectiveC.dylib</key>
		<dict>
			<key>hash2</key>
			<data>
			8Ww5C8iOGCl9UOWN4SJXF4ZlxerV++OKF186cT95+5c=
			</data>
		</dict>
		<key>PlugIns/ConnectivityRemoteTestTests.xctest/Frameworks/libswiftQuartzCore.dylib</key>
		<dict>
			<key>hash2</key>
			<data>
			9/DY0mfncYuXKMP6LT1GWCGb/0P9t8oRY3nffOqtL3Q=
			</data>
		</dict>
		<key>PlugIns/ConnectivityRemoteTestTests.xctest/Frameworks/libswiftSwiftOnoneSupport.dylib</key>
		<dict>
			<key>hash2</key>
			<data>
			7jS7rE5G3ybeJl/i44gH4AFaAbaWGNKRV23Up6rsTV8=
			</data>
		</dict>
		<key>PlugIns/ConnectivityRemoteTestTests.xctest/Frameworks/libswiftUIKit.dylib</key>
		<dict>
			<key>hash2</key>
			<data>
			HH60kMKXhKlNTSNxa63F1PIZj+HXVnIHAKXZT8EVNjU=
			</data>
		</dict>
		<key>PlugIns/ConnectivityRemoteTestTests.xctest/Frameworks/libswiftXCTest.dylib</key>
		<dict>
			<key>hash2</key>
			<data>
			mBbP/OXJYldjnymvP6sAJhIJSQclbZREdbim8ALILW4=
			</data>
		</dict>
		<key>PlugIns/ConnectivityRemoteTestTests.xctest/Frameworks/libswiftos.dylib</key>
		<dict>
			<key>hash2</key>
			<data>
			bKWAX0AVkLP8RffbFH/kKLGz5BpIbdka8AKLx/DUSqg=
			</data>
		</dict>
		<key>PlugIns/ConnectivityRemoteTestTests.xctest/Info.plist</key>
		<dict>
			<key>hash2</key>
			<data>
			zAHfui8k+bLhqlOcu6rUK7kVGab4Rt5vGFyRglhfI9A=
			</data>
		</dict>
		<key>PlugIns/ConnectivityRemoteTestTests.xctest/_CodeSignature/CodeResources</key>
		<dict>
			<key>hash2</key>
			<data>
			gblO3WHgXClqTnx8wvKeM4IkQZqVv4PkRBx9Pbty62U=
			</data>
		</dict>
		<key>PlugIns/ConnectivityRemoteTestTests.xctest/libswiftRemoteMirror.dylib</key>
		<dict>
			<key>hash2</key>
			<data>
			e0a+/f2FJbrH7memHu1eCpwtlpkd1uvrw7pC3H5Ks6c=
			</data>
		</dict>
		<key>libswiftRemoteMirror.dylib</key>
		<dict>
			<key>hash2</key>
			<data>
			e0a+/f2FJbrH7memHu1eCpwtlpkd1uvrw7pC3H5Ks6c=
			</data>
		</dict>
	</dict>
	<key>rules</key>
	<dict>
		<key>^.*</key>
		<true/>
		<key>^.*\.lproj/</key>
		<dict>
			<key>optional</key>
			<true/>
			<key>weight</key>
			<real>1000</real>
		</dict>
		<key>^.*\.lproj/locversion.plist$</key>
		<dict>
			<key>omit</key>
			<true/>
			<key>weight</key>
			<real>1100</real>
		</dict>
		<key>^Base\.lproj/</key>
		<dict>
			<key>weight</key>
			<real>1010</real>
		</dict>
		<key>^version.plist$</key>
		<true/>
	</dict>
	<key>rules2</key>
	<dict>
		<key>.*\.dSYM($|/)</key>
		<dict>
			<key>weight</key>
			<real>11</real>
		</dict>
		<key>^(.*/)?\.DS_Store$</key>
		<dict>
			<key>omit</key>
			<true/>
			<key>weight</key>
			<real>2000</real>
		</dict>
		<key>^.*</key>
		<true/>
		<key>^.*\.lproj/</key>
		<dict>
			<key>optional</key>
			<true/>
			<key>weight</key>
			<real>1000</real>
		</dict>
		<key>^.*\.lproj/locversion.plist$</key>
		<dict>
			<key>omit</key>
			<true/>
			<key>weight</key>
			<real>1100</real>
		</dict>
		<key>^Base\.lproj/</key>
		<dict>
			<key>weight</key>
			<real>1010</real>
		</dict>
		<key>^Info\.plist$</key>
		<dict>
			<key>omit</key>
			<true/>
			<key>weight</key>
			<real>20</real>
		</dict>
		<key>^PkgInfo$</key>
		<dict>
			<key>omit</key>
			<true/>
			<key>weight</key>
			<real>20</real>
		</dict>
		<key>^embedded\.provisionprofile$</key>
		<dict>
			<key>weight</key>
			<real>20</real>
		</dict>
		<key>^version\.plist$</key>
		<dict>
			<key>weight</key>
			<real>20</real>
		</dict>
	</dict>
</dict>
</plist>
